{
  "currentFlagKeyIndex": 242,
  "flag_zw": {
    "position": {
      "x": 0.12625,
      "y": 0.4725
    },
    "radius": 91.00000000000058
  },
  "flag_ao": {
    "position": {
      "x": 0.4875,
      "y": 0.3716216216216216
    },
    "radius": 45.19999999999993
  },
  "flag_ba": {
    "position": {
      "x": 0.425,
      "y": 0.49
    },
    "radius": 39.19999999999985
  },
  "flag_bf": {
    "position": {
      "x": 0.5,
      "y": 0.5003748125937031
    },
    "radius": 90.20000000000057
  },
  "flag_cd": {
    "position": {
      "x": 0.1825,
      "y": 0.2633333333333333
    },
    "radius": 120.600000000001
  },
  "flag_cf": {
    "position": {
      "x": 0.1675,
      "y": 0.13680659670164916
    },
    "radius": 61.40000000000016
  },
  "flag_ck": {
    "position": {
      "x": 0.58875,
      "y": 0.3975
    },
    "radius": 30.399999999999753
  },
  "flag_cl": {
    "position": {
      "x": 0.1675,
      "y": 0.25112443778110943
    },
    "radius": 68.20000000000026
  },
  "flag_cn": {
    "position": {
      "x": 0.1675,
      "y": 0.25112443778110943
    },
    "radius": 81.80000000000045
  },
  "flag_cu": {
    "position": {
      "x": 0.145,
      "y": 0.5
    },
    "radius": 60.60000000000015
  },
  "flag_cv": {
    "position": {
      "x": 0.375,
      "y": 0.37627551020408156
    },
    "radius": 24.999999999999773
  },
  "flag_cw": {
    "position": {
      "x": 0.2225,
      "y": 0.3335832083958021
    },
    "radius": 61.000000000000156
  },
  "flag_dj": {
    "position": {
      "x": 0.22125,
      "y": 0.5134932533733133
    },
    "radius": 74.40000000000035
  },
  "flag_dm": {
    "position": {
      "x": 0.5,
      "y": 0.315
    },
    "radius": 14.999999999999808
  },
  "flag_dz": {
    "position": {
      "x": 0.5675,
      "y": 0.5003748125937031
    },
    "radius": 67.80000000000025,
    "rotation": 18
  },
  "flag_eh": {
    "position": {
      "x": 0.51125,
      "y": 0.5025
    },
    "radius": 39.39999999999985
  },
  "flag_et": {
    "position": {
      "x": 0.5,
      "y": 0.5
    },
    "radius": 106.80000000000081
  },
  "flag_eu": {
    "position": {
      "x": 0.2775,
      "y": 0.5003748125937031
    },
    "radius": 30.799999999999752
  },
  "flag_fm": {
    "position": {
      "x": 0.65875,
      "y": 0.501425855513308
    },
    "radius": 42.9999999999999,
    "rotation": 17
  },
  "flag_gd": {
    "position": {
      "x": 0.5,
      "y": 0.5
    },
    "radius": 53.200000000000045
  },
  "flag_gh": {
    "position": {
      "x": 0.5,
      "y": 0.5153673163418291
    },
    "radius": 98.40000000000069
  },
  "flag_hm": {
    "position": {
      "x": 0.8,
      "y": 0.5425
    },
    "radius": 17.999999999999797
  },
  "flag_hn": {
    "position": {
      "x": 0.5,
      "y": 0.5
    },
    "radius": 22.99999999999978
  },
  "flag_gw": {
    "position": {
      "x": 0.16625,
      "y": 0.5
    },
    "radius": 67.60000000000025
  },
  "flag_km": {
    "position": {
      "x": 0.2,
      "y": 0.4479166666666667
    },
    "radius": 20.39999999999979
  },
  "flag_kp": {
    "position": {
      "x": 0.3325,
      "y": 0.5
    },
    "radius": 86.40000000000052
  },
  "flag_lr": {
    "position": {
      "x": 0.12,
      "y": 0.22813688212927757
    },
    "radius": 59.400000000000134
  },
  "flag_ma": {
    "position": {
      "x": 0.49875,
      "y": 0.49850074962518737
    },
    "radius": 135.4000000000007
  },
  "flag_mm": {
    "position": {
      "x": 0.5,
      "y": 0.5359820089955022
    },
    "radius": 196.9999999999972
  },
  "flag_mo": {
    "position": {
      "x": 0.5,
      "y": 0.24362818590704646
    },
    "radius": 29.999999999999755
  },
  "flag_mp": {
    "position": {
      "x": 0.495,
      "y": 0.585
    },
    "radius": 80.20000000000043
  },
  "flag_mr": {
    "position": {
      "x": 0.5,
      "y": 0.4047976011994003
    },
    "radius": 57.400000000000105
  },
  "flag_nu": {
    "position": {
      "x": 0.25,
      "y": 0.25
    },
    "radius": 34.99999999999979
  },
  "flag_pa": {
    "position": {
      "x": 0.25,
      "y": 0.24925037481259368
    },
    "radius": 68.00000000000026
  },
  "flag_pg": {
    "position": {
      "x": 0.365,
      "y": 0.5633333333333334
    },
    "radius": 42.39999999999989,
    "rotation": 0
  },
  "flag_pk": {
    "position": {
      "x": 0.725,
      "y": 0.3654422788605697
    },
    "radius": 55.40000000000008,
    "rotation": -24.5
  },
  "flag_ph": {
    "position": {
      "x": 0.355,
      "y": 0.5
    },
    "radius": 22.79999999999978,
    "rotation": 17.5
  },
  "flag_pr": {
    "position": {
      "x": 0.1925,
      "y": 0.49850074962518737
    },
    "radius": 90.80000000000058,
    "rotation": 0
  },
  "flag_py": {
    "position": {
      "x": 0.5,
      "y": 0.49999999999999994
    },
    "radius": 13.999999999999812,
    "rotation": 0
  },
  "flag_sb": {
    "position": {
      "x": 0.27375,
      "y": 0.47
    },
    "radius": 41.79999999999988,
    "rotation": 0
  },
  "flag_sg": {
    "position": {
      "x": 0.24125,
      "y": 0.3373313343328336
    },
    "radius": 23.999999999999776,
    "rotation": 0
  },
  "flag_sn": {
    "position": {
      "x": 0.5,
      "y": 0.5003748125937031
    },
    "radius": 90.00000000000057,
    "rotation": 0
  },
  "flag_so": {
    "position": {
      "x": 0.5,
      "y": 0.5003748125937031
    },
    "radius": 129.40000000000103,
    "rotation": 0
  },
  "flag_sr": {
    "position": {
      "x": 0.5,
      "y": 0.5191154422788605
    },
    "radius": 108.00000000000082,
    "rotation": 0
  },
  "flag_ss": {
    "position": {
      "x": 0.14375,
      "y": 0.5
    },
    "radius": 67.80000000000025,
    "rotation": -17.5
  },
  "flag_st": {
    "position": {
      "x": 0.5,
      "y": 0.5
    },
    "radius": 59.00000000000013,
    "rotation": 0
  },
  "flag_sy": {
    "position": {
      "x": 0.66625,
      "y": 0.5116191904047975
    },
    "radius": 74.80000000000035,
    "rotation": 0
  },
  "flag_tf": {
    "position": {
      "x": 0.555,
      "y": 0.5678410794602698
    },
    "radius": 29.399999999999757,
    "rotation": 0
  },
  "flag_tg": {
    "position": {
      "x": 0.185,
      "y": 0.2993527508090615
    },
    "radius": 95.40000000000065,
    "rotation": 0
  },
  "flag_tj": {
    "position": {
      "x": 0.5,
      "y": 0.3425
    },
    "radius": 14.39999999999981,
    "rotation": 0
  },
  "flag_tk": {
    "position": {
      "x": 0.19,
      "y": 0.72
    },
    "radius": 25.39999999999977,
    "rotation": 0
  },
  "flag_tl": {
    "position": {
      "x": 0.11125,
      "y": 0.5025
    },
    "radius": 67.20000000000024,
    "rotation": -23.5
  },
  "flag_tm": {
    "position": {
      "x": 0.375,
      "y": 0.2098950524737631
    },
    "radius": 13.799999999999812,
    "rotation": 36
  },
  "flag_tn": {
    "position": {
      "x": 0.5325,
      "y": 0.49850074962518737
    },
    "radius": 61.000000000000156,
    "rotation": -17.5
  },
  "flag_tr": {
    "position": {
      "x": 0.56875,
      "y": 0.5022488755622189
    },
    "radius": 67.00000000000024,
    "rotation": -17
  },
  "flag_tv": {
    "position": {
      "x": 0.76125,
      "y": 0.345
    },
    "radius": 34.199999999999775,
    "rotation": 38
  },
  "flag_us": {
    "position": {
      "x": 0.36625,
      "y": 0.4847908745247148
    },
    "radius": 13.399999999999814,
    "rotation": 0
  },
  "flag_uz": {
    "position": {
      "x": 0.3675,
      "y": 0.2575
    },
    "radius": 10.599999999999824,
    "rotation": 0
  },
  "flag_ve": {
    "position": {
      "x": 0.4,
      "y": 0.4404047976011994
    },
    "radius": 21.999999999999783,
    "rotation": -28.5
  },
  "flag_vn": {
    "position": {
      "x": 0.5,
      "y": 0.5003748125937031
    },
    "radius": 160.19999999999928,
    "rotation": 0
  },
  "flag_ws": {
    "position": {
      "x": 0.25,
      "y": 0.4225
    },
    "radius": 29.599999999999756,
    "rotation": 0
  },
  "flag_xk": {
    "position": {
      "x": 0.45,