{
  "currentFlagKeyIndex": 171,
  "flag_zw": {
    "position": {
      "x": 0.12625,
      "y": 0.4725
    },
    "radius": 91.00000000000058
  },
  "flag_ao": {
    "position": {
      "x": 0.4875,
      "y": 0.3716216216216216
    },
    "radius": 45.19999999999993
  },
  "flag_ba": {
    "position": {
      "x": 0.425,
      "y": 0.49
    },
    "radius": 39.19999999999985
  },
  "flag_bf": {
    "position": {
      "x": 0.5,
      "y": 0.5003748125937031
    },
    "radius": 90.20000000000057
  },
  "flag_cd": {
    "position": {
      "x": 0.1825,
      "y": 0.2633333333333333
    },
    "radius": 120.600000000001
  },
  "flag_cf": {
    "position": {
      "x": 0.1675,
      "y": 0.13680659670164916
    },
    "radius": 61.40000000000016
  },
  "flag_ck": {
    "position": {
      "x": 0.58875,
      "y": 0.3975
    },
    "radius": 30.399999999999753
  },
  "flag_cl": {
    "position": {
      "x": 0.1675,
      "y": 0.25112443778110943
    },
    "radius": 68.20000000000026
  },
  "flag_cn": {
    "position": {
      "x": 0.1675,
      "y": 0.25112443778110943
    },
    "radius": 81.80000000000045
  },
  "flag_cu": {
    "position": {
      "x": 0.145,
      "y": 0.5
    },
    "radius": 60.60000000000015
  },
  "flag_cv": {
    "position": {
      "x": 0.375,
      "y": 0.37627551020408156
    },
    "radius": 24.999999999999773
  },
  "flag_cw": {
    "position": {
      "x": 0.2225,
      "y": 0.3335832083958021
    },
    "radius": 61.000000000000156
  },
  "flag_cx": {
    "position": {
      "x": 0.22,
      "y": 0.635
    },
    "radius": 20.19999999999979
  },
  "flag_dj": {
    "position": {
      "x": 0.22125,
      "y": 0.5134932533733133
    },
    "radius": 74.40000000000035
  },
  "flag_dm": {
    "position": {
      "x": 0.5,
      "y": 0.315
    },
    "radius": 14.999999999999808
  },
  "flag_dz": {
    "position": {
      "x": 0.5675,
      "y": 0.5003748125937031
    },
    "radius": 67.40000000000025
  },
  "flag_eh": {
    "position": {
      "x": 0.51125,
      "y": 0.5025
    },
    "radius": 39.39999999999985
  },
  "flag_et": {
    "position": {
      "x": 0.5,
      "y": 0.5
    },
    "radius": 106.80000000000081
  },
  "flag_eu": {
    "position": {
      "x": 0.2775,
      "y": 0.5003748125937031
    },
    "radius": 30.799999999999752
  },
  "flag_fm": {
    "position": {
      "x": 0.6575,
      "y": 0.501425855513308
    },
    "radius": 42.9999999999999
  },
  "flag_gd": {
    "position": {
      "x": 0.5,
      "y": 0.5
    },
    "radius": 53.200000000000045
  },
  "flag_gh": {
    "position": {
      "x": 0.5,
      "y": 0.5153673163418291
    },
    "radius": 98.40000000000069
  },
  "flag_hk": {
    "position": {
      "x": 0.60875,
      "y": 0.43290854572713644
    },
    "radius": 15.199999999999807
  },
  "flag_hm": {
    "position": {
      "x": 0.8,
      "y": 0.5425
    },
    "radius": 17.999999999999797
  },
  "flag_hn": {
    "position": {
      "x": 0.5,
      "y": 0.5
    },
    "radius": 22.99999999999978
  },
  "flag_gw": {
    "position": {
      "x": 0.16625,
      "y": 0.5
    },
    "radius": 67.60000000000025
  },
  "flag_km": {
    "position": {
      "x": 0.2,
      "y": 0.4479166666666667
    },
    "radius": 20.39999999999979
  },
  "flag_kn": {
    "position": {
      "x": 0.31,
      "y": 0.689655172413793
    },
    "radius": 75.00000000000036
  },
  "flag_kp": {
    "position": {
      "x": 0.3325,
      "y": 0.5
    },
    "radius": 86.40000000000052
  },
  "flag_lr": {
    "position": {
      "x": 0.12,
      "y": 0.22813688212927757
    },
    "radius": 59.400000000000134
  },
  "flag_ly": {
    "position": {
      "x": 0.57625,
      "y": 0.5
    },
    "radius": 37.79999999999983
  },
  "flag_ma": {
    "position": {
      "x": 0.49875,
      "y": 0.49850074962518737
    },
    "radius": 135.4000000000007
  },
  "flag_mm": {
    "position": {
      "x": 0.5,
      "y": 0.5359820089955022
    },
    "radius": 196.9999999999972
  },
  "flag_mo": {
    "position": {
      "x": 0.5,
      "y": 0.24362818590704646
    },
    "radius": 29.999999999999755
  },
  "flag_mp": {
    "position": {
      "x": 0.495,
      "y": 0.585
    },
    "radius": 80.20000000000043
  },
  "flag_mr": {
    "position": {
      "x": 0.5,
      "y": 0.4047976011994003
    },
    "radius": 57.400000000000105
  },
  "flag_nu": {
    "position": {
      "x": 0.25,
      "y": 0.25
    },
    "radius": 34.99999999999979
  },
  "flag_nz": {
    "position": {
      "x": 0.63375,
      "y": 0.4325
    },
    "radius": 32.799999999999756
  }
}
